Direction,Traffic_Volume,Average_Speed_kmph,Queue_Length_meters,Traffic_Density_vehicles_per_meter
North,3.236842105263158,2.140290431320137,2.209094100249441,0.19345529669879644
South,14.354609929078014,57.342188583633884,12.616979101534556,1.0344206480454128
East,14.296610169491526,45.88615570783861,7.948288592241578,1.9683528623331734
West,11.818770226537216,184.3533268075815,18.51835895155626,0.6781892490385504
