Direction,Traffic_Volume,Average_Speed_kmph,Queue_Length_meters,Traffic_Density_vehicles_per_meter
North,150.32,5.1234582147356,150.4785820372659,10.8254911023849214
South,98.78,150.5879203156789,12.345670245630,0.324505601937478
East,5.12,2.4897312038472,30.8926109832154,0.015782490134561
West,13.98,1.6123485109237,0.4869234561342,0.001401273512098
