Direction,Traffic_Volume,Average_Speed_kmph,Queue_Length_meters,Traffic_Density_vehicles_per_meter
North,0.0,0.0,0.0,0.0
South,5.397163120567376,51.510432764557976,8.59270042527652,0.6239188374645608
East,11.69915254237288,37.07177709385525,6.292713042437019,2.0581034195596843
West,10.35598705501618,49.51395267737382,15.479307599978156,0.6937923530546773
